{"cameraMode":{"drawMode":0,"name":"Shaded","section":"Shading Mode"},"sceneLighting":true,"audioPlay":false,"sceneViewState":{"m_AlwaysRefresh":false,"showFog":true,"showSkybox":true,"showFlares":true,"showImageEffects":true,"showParticleSystems":true,"showVisualEffectGraphs":true,"m_FxEnabled":true},"in2DMode":false,"pivot":{"x":0.4500066041946411,"y":3.365262746810913,"z":-1.2661538124084473},"rotation":{"x":0.03860565274953842,"y":-0.7773682475090027,"z":0.047825608402490619,"w":0.6260941624641419},"size":7.099534511566162,"orthographic":true}