{"cameraMode":{"drawMode":0,"name":"Shaded","section":"Shading Mode"},"sceneLighting":true,"audioPlay":false,"sceneViewState":{"m_AlwaysRefresh":false,"showFog":true,"showSkybox":true,"showFlares":true,"showImageEffects":true,"showParticleSystems":true,"showVisualEffectGraphs":true,"m_FxEnabled":true},"in2DMode":false,"pivot":{"x":12.384986877441407,"y":4.420000076293945,"z":-1.8600001335144044},"rotation":{"x":0.29687801003456118,"y":0.021483292803168298,"z":-0.006680905353277922,"w":0.954651415348053},"size":7.524742603302002,"orthographic":true}