{"cameraMode":{"drawMode":0,"name":"Shaded","section":"Shading Mode"},"sceneLighting":true,"audioPlay":false,"sceneViewState":{"m_AlwaysRefresh":false,"showFog":true,"showSkybox":true,"showFlares":true,"showImageEffects":true,"showParticleSystems":true,"showVisualEffectGraphs":true,"m_FxEnabled":true},"in2DMode":false,"pivot":{"x":-2.339836597442627,"y":-0.41721779108047488,"z":-0.6496425867080689},"rotation":{"x":-0.07903497666120529,"y":-0.5810273289680481,"z":-0.05683097615838051,"w":0.8080471754074097},"size":2.2637345790863039,"orthographic":true}