{"cameraMode":{"drawMode":0,"name":"Shaded","section":"Shading Mode"},"sceneLighting":true,"audioPlay":false,"sceneViewState":{"m_AlwaysRefresh":false,"showFog":true,"showSkybox":true,"showFlares":true,"showImageEffects":true,"showParticleSystems":true,"showVisualEffectGraphs":true,"m_FxEnabled":true},"in2DMode":false,"pivot":{"x":-1.158339500427246,"y":1.8354780673980713,"z":7.065647602081299},"rotation":{"x":0.03103732131421566,"y":-0.7231429219245911,"z":0.032562777400016788,"w":0.6892380714416504},"size":7.339199066162109,"orthographic":true}