{"cameraMode":{"drawMode":0,"name":"Shaded","section":"Shading Mode"},"sceneLighting":true,"audioPlay":false,"sceneViewState":{"m_AlwaysRefresh":false,"showFog":true,"showSkybox":true,"showFlares":true,"showImageEffects":true,"showParticleSystems":true,"showVisualEffectGraphs":true,"m_FxEnabled":true},"in2DMode":false,"pivot":{"x":-0.000018417835235595703,"y":-0.31808871030807497,"z":0.06682479381561279},"rotation":{"x":-0.1775340586900711,"y":0.016525734215974809,"z":-0.0030044952873140575,"w":-0.9840046167373657},"size":10.660320281982422,"orthographic":true}