{"cameraMode":{"drawMode":0,"name":"Shaded","section":"Shading Mode"},"sceneLighting":true,"audioPlay":false,"sceneViewState":{"m_AlwaysRefresh":false,"showFog":true,"showSkybox":true,"showFlares":true,"showImageEffects":true,"showParticleSystems":true,"showVisualEffectGraphs":true,"m_FxEnabled":true},"in2DMode":false,"pivot":{"x":0.003390111494809389,"y":0.5733792185783386,"z":0.059538111090660098},"rotation":{"x":-0.05984444543719292,"y":0.7697107195854187,"z":-0.07295498251914978,"w":-0.6313850283622742},"size":5.456876277923584,"orthographic":true}