{"cameraMode":{"drawMode":0,"name":"Shaded","section":"Shading Mode"},"sceneLighting":true,"audioPlay":false,"sceneViewState":{"m_AlwaysRefresh":false,"showFog":true,"showSkybox":true,"showFlares":true,"showImageEffects":true,"showParticleSystems":true,"showVisualEffectGraphs":true,"m_FxEnabled":true},"in2DMode":false,"pivot":{"x":0.2343900203704834,"y":-0.015531167387962342,"z":-0.1136675477027893},"rotation":{"x":0.021069277077913286,"y":-0.9785926938056946,"z":0.12843114137649537,"w":0.16030700504779817},"size":2.5610904693603517,"orthographic":true}