{"cameraMode":{"drawMode":0,"name":"Shaded","section":"Shading Mode"},"sceneLighting":true,"audioPlay":false,"sceneViewState":{"m_AlwaysRefresh":false,"showFog":true,"showSkybox":true,"showFlares":true,"showImageEffects":true,"showParticleSystems":true,"showVisualEffectGraphs":true,"m_FxEnabled":true},"in2DMode":false,"pivot":{"x":-0.0016444623470306397,"y":1.8391058444976807,"z":-8.196246147155762},"rotation":{"x":-0.05779711902141571,"y":-0.5441378951072693,"z":0.03759216144680977,"w":-0.8361949324607849},"size":27.746700286865236,"orthographic":false}