{"cameraMode":{"drawMode":0,"name":"Shaded","section":"Shading Mode"},"sceneLighting":true,"audioPlay":false,"sceneViewState":{"m_AlwaysRefresh":false,"showFog":true,"showSkybox":true,"showFlares":true,"showImageEffects":true,"showParticleSystems":true,"showVisualEffectGraphs":true,"m_FxEnabled":true},"in2DMode":false,"pivot":{"x":0.20814895629882813,"y":1.7799885272979737,"z":-1.007721185684204},"rotation":{"x":-0.036908816546201709,"y":0.1868344098329544,"z":-0.006601744797080755,"w":-0.9817582964897156},"size":5.1886820793151859,"orthographic":true}