{"cameraMode":{"drawMode":0,"name":"Shaded","section":"Shading Mode"},"sceneLighting":true,"audioPlay":false,"sceneViewState":{"m_AlwaysRefresh":false,"showFog":true,"showSkybox":true,"showFlares":true,"showImageEffects":true,"showParticleSystems":true,"showVisualEffectGraphs":true,"m_FxEnabled":true},"in2DMode":false,"pivot":{"x":1.4579999446868897,"y":0.6220396757125855,"z":0.06672441959381104},"rotation":{"x":-0.033389247953891757,"y":-0.5651740431785584,"z":0.022902049124240876,"w":-0.823982298374176},"size":1.3826146125793458,"orthographic":true}