{"cameraMode":{"drawMode":0,"name":"Shaded","section":"Shading Mode"},"sceneLighting":true,"audioPlay":false,"sceneViewState":{"m_AlwaysRefresh":false,"showFog":true,"showSkybox":true,"showFlares":true,"showImageEffects":true,"showParticleSystems":true,"showVisualEffectGraphs":true,"m_FxEnabled":true},"in2DMode":false,"pivot":{"x":2.4333486557006838,"y":1.0447616577148438,"z":1.463385820388794},"rotation":{"x":0.09548470377922058,"y":-0.3051275610923767,"z":0.030819792300462724,"w":0.9470541477203369},"size":5.978789806365967,"orthographic":true}