{"cameraMode":{"drawMode":0,"name":"Shaded","section":"Shading Mode"},"sceneLighting":false,"audioPlay":false,"sceneViewState":{"m_AlwaysRefresh":false,"showFog":true,"showSkybox":false,"showFlares":true,"showImageEffects":true,"showParticleSystems":true,"showVisualEffectGraphs":true,"m_FxEnabled":true},"in2DMode":false,"pivot":{"x":2.408348560333252,"y":1.1697616577148438,"z":3.0399999618530275},"rotation":{"x":-0.042250145226716998,"y":-0.6704412698745728,"z":0.03822058066725731,"w":-0.7398529052734375},"size":0.23901431262493134,"orthographic":true}