{"cameraMode":{"drawMode":0,"name":"Shaded","section":"Shading Mode"},"sceneLighting":false,"audioPlay":false,"sceneViewState":{"m_AlwaysRefresh":false,"showFog":true,"showSkybox":false,"showFlares":true,"showImageEffects":true,"showParticleSystems":true,"showVisualEffectGraphs":true,"m_FxEnabled":true},"in2DMode":false,"pivot":{"x":2.408348560333252,"y":1.1697616577148438,"z":3.0399999618530275},"rotation":{"x":0.003930348437279463,"y":-0.9958279728889465,"z":0.07483156770467758,"w":0.05325482785701752},"size":0.4617024064064026,"orthographic":true}