{"cameraMode":{"drawMode":0,"name":"Shaded","section":"Shading Mode"},"sceneLighting":false,"audioPlay":false,"sceneViewState":{"m_AlwaysRefresh":false,"showFog":true,"showSkybox":false,"showFlares":true,"showImageEffects":true,"showParticleSystems":true,"showVisualEffectGraphs":true,"m_FxEnabled":true},"in2DMode":false,"pivot":{"x":-0.10215961933135987,"y":1.802968978881836,"z":-3.990000009536743},"rotation":{"x":0.09845958650112152,"y":0.191636860370636,"z":-0.019304770976305009,"w":0.9763574004173279},"size":0.2240176796913147,"orthographic":true}