{"cameraMode":{"drawMode":0,"name":"Shaded","section":"Shading Mode"},"sceneLighting":true,"audioPlay":false,"sceneViewState":{"m_AlwaysRefresh":false,"showFog":true,"showSkybox":true,"showFlares":true,"showImageEffects":true,"showParticleSystems":true,"showVisualEffectGraphs":true,"m_FxEnabled":true},"in2DMode":false,"pivot":{"x":-1.1299999952316285,"y":2.759999990463257,"z":-6.730000019073486},"rotation":{"x":-0.05982130765914917,"y":0.06882118433713913,"z":0.004134234040975571,"w":0.9958253502845764},"size":0.700206458568573,"orthographic":true}